{"cameraMode":{"drawMode":0,"name":"Shaded","section":"Shading Mode"},"sceneLighting":false,"audioPlay":false,"sceneViewState":{"showFog":true,"showMaterialUpdate":false,"showSkybox":true,"showFlares":true,"showImageEffects":true,"showParticleSystems":true},"in2DMode":false,"pivot":{"x":-29.18939208984375,"y":-228.967041015625,"z":513.7492065429688},"rotation":{"x":0.3717575669288635,"y":-0.30458301305770876,"z":0.13064944744110108,"w":0.8672412037849426},"size":2084.09423828125,"orthographic":false}