{"cameraMode":{"drawMode":0,"name":"Shaded","section":"Shading Mode"},"sceneLighting":false,"audioPlay":false,"sceneViewState":{"showFog":true,"showMaterialUpdate":false,"showSkybox":false,"showFlares":true,"showImageEffects":true,"showParticleSystems":true},"in2DMode":false,"pivot":{"x":2.639246940612793,"y":-2.6284894943237306,"z":46.07249450683594},"rotation":{"x":0.12777677178382874,"y":0.8481497168540955,"z":-0.2377631664276123,"w":0.4558599293231964},"size":69.13078308105469,"orthographic":false}