{"cameraMode":{"drawMode":0,"name":"Shaded","section":"Shading Mode"},"sceneLighting":false,"audioPlay":false,"sceneViewState":{"showFog":true,"showMaterialUpdate":false,"showSkybox":true,"showFlares":true,"showImageEffects":true,"showParticleSystems":true},"in2DMode":false,"pivot":{"x":557.6082763671875,"y":-270.6629333496094,"z":224.51358032226563},"rotation":{"x":0.16731855273246766,"y":0.6052795648574829,"z":-0.13207373023033143,"w":0.7669578194618225},"size":1529.24951171875,"orthographic":false}