{"cameraMode":{"drawMode":0,"name":"Shaded","section":"Shading Mode"},"sceneLighting":false,"audioPlay":false,"sceneViewState":{"showFog":true,"showMaterialUpdate":false,"showSkybox":true,"showFlares":true,"showImageEffects":true,"showParticleSystems":true},"in2DMode":false,"pivot":{"x":754.8380126953125,"y":317.5851135253906,"z":-69.686767578125},"rotation":{"x":-0.07339399307966232,"y":-0.03618069738149643,"z":-0.002619618782773614,"w":0.9967233538627625},"size":821.6105346679688,"orthographic":false}