{"cameraMode":{"drawMode":0,"name":"Shaded","section":"Shading Mode"},"sceneLighting":false,"audioPlay":false,"sceneViewState":{"showFog":true,"showMaterialUpdate":false,"showSkybox":true,"showFlares":true,"showImageEffects":true,"showParticleSystems":true},"in2DMode":false,"pivot":{"x":1024.357666015625,"y":-799.21533203125,"z":966.0711669921875},"rotation":{"x":0.291005402803421,"y":0.4682890474796295,"z":-0.1667259782552719,"w":0.8174912929534912},"size":3297.39404296875,"orthographic":false}