{"cameraMode":{"drawMode":0,"name":"Shaded","section":"Shading Mode"},"sceneLighting":false,"audioPlay":false,"sceneViewState":{"showFog":true,"showMaterialUpdate":false,"showSkybox":true,"showFlares":true,"showImageEffects":true,"showParticleSystems":true},"in2DMode":false,"pivot":{"x":121.0,"y":-55.5099983215332,"z":-107.26486206054688},"rotation":{"x":0.33692532777786257,"y":0.14582255482673646,"z":-0.052847545593976977,"w":0.9287542700767517},"size":11.339200973510743,"orthographic":false}