{"cameraMode":{"drawMode":0,"name":"Shaded","section":"Shading Mode"},"sceneLighting":false,"audioPlay":false,"sceneViewState":{"showFog":true,"showMaterialUpdate":false,"showSkybox":true,"showFlares":true,"showImageEffects":true,"showParticleSystems":true},"in2DMode":false,"pivot":{"x":-16.624725341796876,"y":30.694595336914064,"z":1043.6629638671875},"rotation":{"x":0.12433004379272461,"y":-0.2630770802497864,"z":0.03421002998948097,"w":0.9561282396316528},"size":881.4627685546875,"orthographic":false}