{"cameraMode":{"drawMode":0,"name":"Shaded","section":"Shading Mode"},"sceneLighting":false,"audioPlay":false,"sceneViewState":{"showFog":true,"showMaterialUpdate":false,"showSkybox":true,"showFlares":true,"showImageEffects":true,"showParticleSystems":true},"in2DMode":false,"pivot":{"x":-156.81390380859376,"y":-46.240501403808597,"z":-203.4440460205078},"rotation":{"x":-0.08995871245861054,"y":0.5472552180290222,"z":-0.05939306691288948,"w":-0.8300851583480835},"size":90.84278869628906,"orthographic":false}