{"cameraMode":{"drawMode":0,"name":"Shaded","section":"Shading Mode"},"sceneLighting":false,"audioPlay":false,"sceneViewState":{"showFog":true,"showMaterialUpdate":false,"showSkybox":true,"showFlares":true,"showImageEffects":true,"showParticleSystems":true},"in2DMode":false,"pivot":{"x":56.99755859375,"y":-54.595977783203128,"z":-264.999267578125},"rotation":{"x":0.3786177337169647,"y":0.5337151288986206,"z":-0.2891254723072052,"w":0.6988277435302734},"size":1426.1248779296875,"orthographic":false}